{"val_Precision":0.9272186756134033,"val_F1":0.9122952818870544,"val_Recall":0.9111254215240479,"train_Accuracy":0.992408037185669,"train_Precision":0.9919413328170776,"val_Accuracy":0.9531806707382202,"train_F1":0.9914053678512573,"_step":6,"epoch":6,"val_loss":0.16895948350429535,"train_loss":0.02709732949733734,"_timestamp":1.768917066573813e+09,"train_Recall":0.9908826351165771,"_wandb":{"runtime":1714},"_runtime":1714}